symbol,name,table,group,manner,place,voice,page,audio,chart
m,Voiced bilabial nasal,pulmonic,Labial,Nasal,Bilabial,voiced,https://en.wikipedia.org/wiki/Voiced_bilabial_nasal,https://upload.wikimedia.org/wikipedia/commons/transcoded/a/a9/Bilabial_nasal.ogg/Bilabial_nasal.ogg.mp3,m
ɱ,Voiced labiodental nasal,pulmonic,Labial,Nasal,Labiodental,voiced,https://en.wikipedia.org/wiki/Voiced_labiodental_nasal,https://upload.wikimedia.org/wikipedia/commons/transcoded/1/18/Labiodental_nasal.ogg/Labiodental_nasal.ogg.mp3,ɱ
n,Voiced alveolar nasal,pulmonic,Coronal,Nasal,Alveolar,voiced,https://en.wikipedia.org/wiki/Voiced_alveolar_nasal,https://upload.wikimedia.org/wikipedia/commons/transcoded/2/29/Alveolar_nasal.ogg/Alveolar_nasal.ogg.mp3,n
ɳ,Voiced retroflex nasal,pulmonic,Coronal,Nasal,Retroflex,voiced,https://en.wikipedia.org/wiki/Voiced_retroflex_nasal,https://upload.wikimedia.org/wikipedia/commons/transcoded/a/af/Retroflex_nasal.ogg/Retroflex_nasal.ogg.mp3,ɳ
ɲ,Voiced palatal nasal,pulmonic,Dorsal,Nasal,(Alveolo-)palatal,voiced,https://en.wikipedia.org/wiki/Voiced_palatal_nasal,https://upload.wikimedia.org/wikipedia/commons/transcoded/4/46/Palatal_nasal.ogg/Palatal_nasal.ogg.mp3,ɲ
ŋ,Voiced velar nasal,pulmonic,Dorsal,Nasal,Velar,voiced,https://en.wikipedia.org/wiki/Voiced_velar_nasal,https://upload.wikimedia.org/wikipedia/commons/transcoded/3/39/Velar_nasal.ogg/Velar_nasal.ogg.mp3,ŋ
ɴ,Voiced uvular nasal,pulmonic,Dorsal,Nasal,Uvular,voiced,https://en.wikipedia.org/wiki/Voiced_uvular_nasal,https://upload.wikimedia.org/wikipedia/commons/transcoded/3/3e/Uvular_nasal.ogg/Uvular_nasal.ogg.mp3,ɴ
p,Voiceless bilabial plosive,pulmonic,Labial,Plosive,Bilabial,voiceless,https://en.wikipedia.org/wiki/Voiceless_bilabial_plosive,https://upload.wikimedia.org/wikipedia/commons/transcoded/5/51/Voiceless_bilabial_plosive.ogg/Voiceless_bilabial_plosive.ogg.mp3,p
b,Voiced bilabial plosive,pulmonic,Labial,Plosive,Bilabial,voiced,https://en.wikipedia.org/wiki/Voiced_bilabial_plosive,https://upload.wikimedia.org/wikipedia/commons/transcoded/2/2c/Voiced_bilabial_plosive.ogg/Voiced_bilabial_plosive.ogg.mp3,b
t,Voiceless alveolar plosive,pulmonic,Coronal,Plosive,Alveolar,voiceless,https://en.wikipedia.org/wiki/Voiceless_alveolar_plosive,https://upload.wikimedia.org/wikipedia/commons/transcoded/0/02/Voiceless_alveolar_plosive.ogg/Voiceless_alveolar_plosive.ogg.mp3,t
d,Voiced alveolar plosive,pulmonic,Coronal,Plosive,Alveolar,voiced,https://en.wikipedia.org/wiki/Voiced_alveolar_plosive,https://upload.wikimedia.org/wikipedia/commons/transcoded/0/01/Voiced_alveolar_plosive.ogg/Voiced_alveolar_plosive.ogg.mp3,d
ʈ,Voiceless retroflex plosive,pulmonic,Coronal,Plosive,Retroflex,voiceless,https://en.wikipedia.org/wiki/Voiceless_retroflex_plosive,https://upload.wikimedia.org/wikipedia/commons/transcoded/b/b0/Voiceless_retroflex_stop.oga/Voiceless_retroflex_stop.oga.mp3,ʈ
ɖ,Voiced retroflex plosive,pulmonic,Coronal,Plosive,Retroflex,voiced,https://en.wikipedia.org/wiki/Voiced_retroflex_plosive,https://upload.wikimedia.org/wikipedia/commons/transcoded/2/27/Voiced_retroflex_stop.oga/Voiced_retroflex_stop.oga.mp3,ɖ
c,Voiceless palatal plosive,pulmonic,Dorsal,Plosive,(Alveolo-)palatal,voiceless,https://en.wikipedia.org/wiki/Voiceless_palatal_plosive,https://upload.wikimedia.org/wikipedia/commons/transcoded/5/5d/Voiceless_palatal_plosive.ogg/Voiceless_palatal_plosive.ogg.mp3,c
ɟ,Voiced palatal plosive,pulmonic,Dorsal,Plosive,(Alveolo-)palatal,voiced,https://en.wikipedia.org/wiki/Voiced_palatal_plosive,https://upload.wikimedia.org/wikipedia/commons/transcoded/1/1d/Voiced_palatal_plosive.ogg/Voiced_palatal_plosive.ogg.mp3,ɟ
k,Voiceless velar plosive,pulmonic,Dorsal,Plosive,Velar,voiceless,https://en.wikipedia.org/wiki/Voiceless_velar_plosive,https://upload.wikimedia.org/wikipedia/commons/transcoded/e/e3/Voiceless_velar_plosive.ogg/Voiceless_velar_plosive.ogg.mp3,k
ɡ,Voiced velar plosive,pulmonic,Dorsal,Plosive,Velar,voiced,https://en.wikipedia.org/wiki/Voiced_velar_plosive,https://upload.wikimedia.org/wikipedia/commons/transcoded/1/12/Voiced_velar_plosive_02.ogg/Voiced_velar_plosive_02.ogg.mp3,ɡ
q,Voiceless uvular plosive,pulmonic,Dorsal,Plosive,Uvular,voiceless,https://en.wikipedia.org/wiki/Voiceless_uvular_plosive,https://upload.wikimedia.org/wikipedia/commons/transcoded/1/19/Voiceless_uvular_plosive.ogg/Voiceless_uvular_plosive.ogg.mp3,q
ɢ,Voiced uvular plosive,pulmonic,Dorsal,Plosive,Uvular,voiced,https://en.wikipedia.org/wiki/Voiced_uvular_plosive,https://upload.wikimedia.org/wikipedia/commons/transcoded/b/b6/Voiced_uvular_stop.oga/Voiced_uvular_stop.oga.mp3,ɢ
ʡ,Epiglottal plosive,pulmonic,Laryngeal,Plosive,Pharyngeal/epiglottal,voiceless,https://en.wikipedia.org/wiki/Epiglottal_plosive,https://upload.wikimedia.org/wikipedia/commons/transcoded/b/b2/Epiglottal_stop.ogg/Epiglottal_stop.ogg.mp3,ʡ
ʔ,Glottal stop,pulmonic,Laryngeal,Plosive,Glottal,voiceless,https://en.wikipedia.org/wiki/Glottal_stop,https://upload.wikimedia.org/wikipedia/commons/transcoded/4/4d/Glottal_stop.ogg/Glottal_stop.ogg.mp3,ʔ
s,Voiceless alveolar fricative,pulmonic,Coronal,Sibilant fricative,Alveolar,voiceless,https://en.wikipedia.org/wiki/Voiceless_alveolar_fricative,https://upload.wikimedia.org/wikipedia/commons/transcoded/a/ac/Voiceless_alveolar_sibilant.ogg/Voiceless_alveolar_sibilant.ogg.mp3,s
z,Voiced alveolar fricative,pulmonic,Coronal,Sibilant fricative,Alveolar,voiced,https://en.wikipedia.org/wiki/Voiced_alveolar_fricative,https://upload.wikimedia.org/wikipedia/commons/transcoded/c/c0/Voiced_alveolar_sibilant.ogg/Voiced_alveolar_sibilant.ogg.mp3,z
ʃ,Voiceless postalveolar fricative,pulmonic,Coronal,Sibilant fricative,Postalveolar,voiceless,https://en.wikipedia.org/wiki/Voiceless_postalveolar_fricative,https://upload.wikimedia.org/wikipedia/commons/transcoded/c/cc/Voiceless_palato-alveolar_sibilant.ogg/Voiceless_palato-alveolar_sibilant.ogg.mp3,ʃ
ʒ,Voiced postalveolar fricative,pulmonic,Coronal,Sibilant fricative,Postalveolar,voiced,https://en.wikipedia.org/wiki/Voiced_postalveolar_fricative,https://upload.wikimedia.org/wikipedia/commons/transcoded/3/30/Voiced_palato-alveolar_sibilant.ogg/Voiced_palato-alveolar_sibilant.ogg.mp3,ʒ
ʂ,Voiceless retroflex fricative,pulmonic,Coronal,Sibilant fricative,Retroflex,voiceless,https://en.wikipedia.org/wiki/Voiceless_retroflex_fricative,https://upload.wikimedia.org/wikipedia/commons/transcoded/b/b1/Voiceless_retroflex_sibilant.ogg/Voiceless_retroflex_sibilant.ogg.mp3,ʂ
ʐ,Voiced retroflex fricative,pulmonic,Coronal,Sibilant fricative,Retroflex,voiced,https://en.wikipedia.org/wiki/Voiced_retroflex_fricative,https://upload.wikimedia.org/wikipedia/commons/transcoded/7/7f/Voiced_retroflex_sibilant.ogg/Voiced_retroflex_sibilant.ogg.mp3,ʐ
ɕ,Voiceless alveolo-palatal fricative,pulmonic,Dorsal,Sibilant fricative,(Alveolo-)palatal,voiceless,https://en.wikipedia.org/wiki/Voiceless_alveolo-palatal_fricative,https://upload.wikimedia.org/wikipedia/commons/transcoded/0/0b/Voiceless_alveolo-palatal_sibilant.ogg/Voiceless_alveolo-palatal_sibilant.ogg.mp3,ɕ
ʑ,Voiced alveolo-palatal fricative,pulmonic,Dorsal,Sibilant fricative,(Alveolo-)palatal,voiced,https://en.wikipedia.org/wiki/Voiced_alveolo-palatal_fricative,https://upload.wikimedia.org/wikipedia/commons/transcoded/1/15/Voiced_alveolo-palatal_sibilant.ogg/Voiced_alveolo-palatal_sibilant.ogg.mp3,ʑ
ɸ,Voiceless bilabial fricative,pulmonic,Labial,Non-sibilant fricative,Bilabial,voiceless,https://en.wikipedia.org/wiki/Voiceless_bilabial_fricative,https://upload.wikimedia.org/wikipedia/commons/transcoded/4/41/Voiceless_bilabial_fricative.ogg/Voiceless_bilabial_fricative.ogg.mp3,ɸ
β,Voiced bilabial fricative,pulmonic,Labial,Non-sibilant fricative,Bilabial,voiced,https://en.wikipedia.org/wiki/Voiced_bilabial_fricative,https://upload.wikimedia.org/wikipedia/commons/transcoded/3/37/Voiced_bilabial_fricative.ogg/Voiced_bilabial_fricative.ogg.mp3,β
f,Voiceless labiodental fricative,pulmonic,Labial,Non-sibilant fricative,Labiodental,voiceless,https://en.wikipedia.org/wiki/Voiceless_labiodental_fricative,https://upload.wikimedia.org/wikipedia/commons/transcoded/c/c7/Voiceless_labio-dental_fricative.ogg/Voiceless_labio-dental_fricative.ogg.mp3,f
v,Voiced labiodental fricative,pulmonic,Labial,Non-sibilant fricative,Labiodental,voiced,https://en.wikipedia.org/wiki/Voiced_labiodental_fricative,https://upload.wikimedia.org/wikipedia/commons/transcoded/4/42/Voiced_labio-dental_fricative.ogg/Voiced_labio-dental_fricative.ogg.mp3,v
θ,Voiceless dental fricative,pulmonic,Coronal,Non-sibilant fricative,Dental,voiceless,https://en.wikipedia.org/wiki/Voiceless_dental_fricative,https://upload.wikimedia.org/wikipedia/commons/transcoded/8/80/Voiceless_dental_fricative.ogg/Voiceless_dental_fricative.ogg.mp3,θ
ð,Voiced dental fricative,pulmonic,Coronal,Non-sibilant fricative,Dental,voiced,https://en.wikipedia.org/wiki/Voiced_dental_fricative,https://upload.wikimedia.org/wikipedia/commons/transcoded/6/6a/Voiced_dental_fricative.ogg/Voiced_dental_fricative.ogg.mp3,ð
ʝ,Voiced palatal fricative,pulmonic,Dorsal,Non-sibilant fricative,(Alveolo-)palatal,voiced,https://en.wikipedia.org/wiki/Voiced_palatal_fricative,https://upload.wikimedia.org/wikipedia/commons/transcoded/a/ac/Voiced_palatal_fricative.ogg/Voiced_palatal_fricative.ogg.mp3,ʝ
x,Voiceless velar fricative,pulmonic,Dorsal,Non-sibilant fricative,Velar,voiceless,https://en.wikipedia.org/wiki/Voiceless_velar_fricative,https://upload.wikimedia.org/wikipedia/commons/transcoded/0/0f/Voiceless_velar_fricative.ogg/Voiceless_velar_fricative.ogg.mp3,x
ɣ,Voiced velar fricative,pulmonic,Dorsal,Non-sibilant fricative,Velar,voiced,https://en.wikipedia.org/wiki/Voiced_velar_fricative,https://upload.wikimedia.org/wikipedia/commons/transcoded/4/47/Voiced_velar_fricative.ogg/Voiced_velar_fricative.ogg.mp3,ɣ
χ,Voiceless uvular fricative,pulmonic,Dorsal,Non-sibilant fricative,Uvular,voiceless,https://en.wikipedia.org/wiki/Voiceless_uvular_fricative,https://upload.wikimedia.org/wikipedia/commons/transcoded/c/c8/Voiceless_uvular_fricative.ogg/Voiceless_uvular_fricative.ogg.mp3,χ
ʁ,Voiced uvular fricative,pulmonic,Dorsal,Non-sibilant fricative,Uvular,voiced,https://en.wikipedia.org/wiki/Voiced_uvular_fricative,https://upload.wikimedia.org/wikipedia/commons/transcoded/a/af/Voiced_uvular_fricative.ogg/Voiced_uvular_fricative.ogg.mp3,ʁ
ħ,Voiceless pharyngeal fricative,pulmonic,Laryngeal,Non-sibilant fricative,Pharyngeal/epiglottal,voiceless,https://en.wikipedia.org/wiki/Voiceless_pharyngeal_fricative,https://upload.wikimedia.org/wikipedia/commons/transcoded/b/b2/Voiceless_pharyngeal_fricative.ogg/Voiceless_pharyngeal_fricative.ogg.mp3,ħ
ʕ,Voiced pharyngeal fricative,pulmonic,Laryngeal,Non-sibilant fricative,Pharyngeal/epiglottal,voiced,https://en.wikipedia.org/wiki/Voiced_pharyngeal_fricative,https://upload.wikimedia.org/wikipedia/commons/transcoded/c/cd/Voiced_pharyngeal_fricative.ogg/Voiced_pharyngeal_fricative.ogg.mp3,ʕ
h,Voiceless glottal fricative,pulmonic,Laryngeal,Non-sibilant fricative,Glottal,voiceless,https://en.wikipedia.org/wiki/Voiceless_glottal_fricative,https://upload.wikimedia.org/wikipedia/commons/transcoded/d/da/Voiceless_glottal_fricative.ogg/Voiceless_glottal_fricative.ogg.mp3,h
ɦ,Voiced glottal fricative,pulmonic,Laryngeal,Non-sibilant fricative,Glottal,voiced,https://en.wikipedia.org/wiki/Voiced_glottal_fricative,https://upload.wikimedia.org/wikipedia/commons/transcoded/e/e2/Voiced_glottal_fricative.ogg/Voiced_glottal_fricative.ogg.mp3,ɦ
ʋ,Voiced labiodental approximant,pulmonic,Labial,Approximant,Labiodental,voiced,https://en.wikipedia.org/wiki/Voiced_labiodental_approximant,https://upload.wikimedia.org/wikipedia/commons/transcoded/e/ee/Labiodental_approximant.ogg/Labiodental_approximant.ogg.mp3,ʋ
ɹ,Voiced alveolar approximant,pulmonic,Coronal,Approximant,Alveolar,voiced,https://en.wikipedia.org/wiki/Voiced_alveolar_approximant,https://upload.wikimedia.org/wikipedia/commons/transcoded/1/1f/Alveolar_approximant.ogg/Alveolar_approximant.ogg.mp3,ɹ
ɻ,Voiced retroflex approximant,pulmonic,Coronal,Approximant,Retroflex,voiced,https://en.wikipedia.org/wiki/Voiced_retroflex_approximant,https://upload.wikimedia.org/wikipedia/commons/transcoded/b/bf/Retroflex_Approximant2.oga/Retroflex_Approximant2.oga.mp3,ɻ
j,Voiced palatal approximant,pulmonic,Dorsal,Approximant,(Alveolo-)palatal,voiced,https://en.wikipedia.org/wiki/Voiced_palatal_approximant,https://upload.wikimedia.org/wikipedia/commons/transcoded/e/e8/Palatal_approximant.ogg/Palatal_approximant.ogg.mp3,j
ɰ,Voiced velar approximant,pulmonic,Dorsal,Approximant,Velar,voiced,https://en.wikipedia.org/wiki/Voiced_velar_approximant,https://upload.wikimedia.org/wikipedia/commons/transcoded/5/5c/Voiced_velar_approximant.ogg/Voiced_velar_approximant.ogg.mp3,ɰ
ⱱ,Voiced labiodental flap,pulmonic,Labial,Tap/flap,Labiodental,voiced,https://en.wikipedia.org/wiki/Voiced_labiodental_flap,https://upload.wikimedia.org/wikipedia/commons/transcoded/2/2c/Labiodental_flap.ogg/Labiodental_flap.ogg.mp3,ⱱ
ɾ,Voiced alveolar tap or flap,pulmonic,Coronal,Tap/flap,Alveolar,voiced,https://en.wikipedia.org/wiki/Voiced_alveolar_tap_or_flap,https://upload.wikimedia.org/wikipedia/commons/transcoded/a/a0/Alveolar_tap.ogg/Alveolar_tap.ogg.mp3,ɾ
ɽ,Voiced retroflex flap,pulmonic,Coronal,Tap/flap,Retroflex,voiced,https://en.wikipedia.org/wiki/Voiced_retroflex_flap,https://upload.wikimedia.org/wikipedia/commons/transcoded/8/87/Retroflex_flap.ogg/Retroflex_flap.ogg.mp3,ɽ
ʙ,Voiced bilabial trill,pulmonic,Labial,Trill,Bilabial,voiced,https://en.wikipedia.org/wiki/Voiced_bilabial_trill,https://upload.wikimedia.org/wikipedia/commons/transcoded/e/e7/Bilabial_trill.ogg/Bilabial_trill.ogg.mp3,ʙ
r,Voiced alveolar trill,pulmonic,Coronal,Trill,Alveolar,voiced,https://en.wikipedia.org/wiki/Voiced_alveolar_trill,https://upload.wikimedia.org/wikipedia/commons/transcoded/c/ce/Alveolar_trill.ogg/Alveolar_trill.ogg.mp3,r
ʀ,Voiced uvular trill,pulmonic,Dorsal,Trill,Uvular,voiced,https://en.wikipedia.org/wiki/Voiced_uvular_trill,https://upload.wikimedia.org/wikipedia/commons/transcoded/c/cb/Uvular_trill.ogg/Uvular_trill.ogg.mp3,ʀ
ʜ,Voiceless epiglottal trill,pulmonic,Laryngeal,Trill,Pharyngeal/epiglottal,voiceless,https://en.wikipedia.org/wiki/Voiceless_epiglottal_trill,https://upload.wikimedia.org/wikipedia/commons/transcoded/7/7b/Voiceless_epiglottal_trill.ogg/Voiceless_epiglottal_trill.ogg.mp3,ʜ
ʢ,Voiced epiglottal trill,pulmonic,Laryngeal,Trill,Pharyngeal/epiglottal,voiced,https://en.wikipedia.org/wiki/Voiced_epiglottal_trill,https://upload.wikimedia.org/wikipedia/commons/transcoded/1/18/Voiced_epiglottal_trill_2.ogg/Voiced_epiglottal_trill_2.ogg.mp3,ʢ
ɬ,Voiceless alveolar lateral fricative,pulmonic,Coronal,Lateral fricative,Alveolar,voiceless,https://en.wikipedia.org/wiki/Voiceless_alveolar_lateral_fricative,https://upload.wikimedia.org/wikipedia/commons/transcoded/e/ea/Voiceless_alveolar_lateral_fricative.ogg/Voiceless_alveolar_lateral_fricative.ogg.mp3,ɬ
ɮ,Voiced alveolar lateral fricative,pulmonic,Coronal,Lateral fricative,Alveolar,voiced,https://en.wikipedia.org/wiki/Voiced_alveolar_lateral_fricative,https://upload.wikimedia.org/wikipedia/commons/transcoded/6/6f/Voiced_alveolar_lateral_fricative.ogg/Voiced_alveolar_lateral_fricative.ogg.mp3,ɮ
ꞎ,Voiceless retroflex lateral fricative,pulmonic,Coronal,Lateral fricative,Retroflex,voiceless,https://en.wikipedia.org/wiki/Voiceless_retroflex_lateral_fricative,https://upload.wikimedia.org/wikipedia/commons/transcoded/5/54/Voiceless_retroflex_lateral_fricative.ogg/Voiceless_retroflex_lateral_fricative.ogg.mp3,ꞎ
𝼅,Voiced retroflex lateral fricative,pulmonic,Coronal,Lateral fricative,Retroflex,voiced,https://en.wikipedia.org/wiki/Voiced_retroflex_lateral_fricative,https://upload.wikimedia.org/wikipedia/commons/transcoded/c/ce/Voiced_retroflex_lateral_fricative.wav/Voiced_retroflex_lateral_fricative.wav.mp3,𝼅
𝼆,Voiceless palatal lateral fricative,pulmonic,Dorsal,Lateral fricative,(Alveolo-)palatal,voiceless,https://en.wikipedia.org/wiki/Voiceless_palatal_lateral_fricative,https://upload.wikimedia.org/wikipedia/commons/transcoded/f/fe/Voiceless_palatal_lateral_fricative.ogg/Voiceless_palatal_lateral_fricative.ogg.mp3,𝼆
𝼄,Voiceless velar lateral fricative,pulmonic,Dorsal,Lateral fricative,Velar,voiceless,https://en.wikipedia.org/wiki/Voiceless_velar_lateral_fricative,https://upload.wikimedia.org/wikipedia/commons/transcoded/9/99/Voiceless_velar_lateral_fricative.ogg/Voiceless_velar_lateral_fricative.ogg.mp3,𝼄
l,Voiced alveolar lateral approximant,pulmonic,Coronal,Lateral approximant,Alveolar,voiced,https://en.wikipedia.org/wiki/Voiced_alveolar_lateral_approximant,https://upload.wikimedia.org/wikipedia/commons/transcoded/b/bc/Alveolar_lateral_approximant.ogg/Alveolar_lateral_approximant.ogg.mp3,l
ɭ,Voiced retroflex lateral approximant,pulmonic,Coronal,Lateral approximant,Retroflex,voiced,https://en.wikipedia.org/wiki/Voiced_retroflex_lateral_approximant,https://upload.wikimedia.org/wikipedia/commons/transcoded/d/d1/Retroflex_lateral_approximant.ogg/Retroflex_lateral_approximant.ogg.mp3,ɭ
ʎ,Voiced palatal lateral approximant,pulmonic,Dorsal,Lateral approximant,(Alveolo-)palatal,voiced,https://en.wikipedia.org/wiki/Voiced_palatal_lateral_approximant,https://upload.wikimedia.org/wikipedia/commons/transcoded/d/d9/Palatal_lateral_approximant.ogg/Palatal_lateral_approximant.ogg.mp3,ʎ
ʟ,Voiced velar lateral approximant,pulmonic,Dorsal,Lateral approximant,Velar,voiced,https://en.wikipedia.org/wiki/Voiced_velar_lateral_approximant,https://upload.wikimedia.org/wikipedia/commons/transcoded/d/d3/Velar_lateral_approximant.ogg/Velar_lateral_approximant.ogg.mp3,ʟ
ɺ,Voiced alveolar lateral flap,pulmonic,Coronal,Lateral tap/flap,Alveolar,voiced,https://en.wikipedia.org/wiki/Voiced_alveolar_lateral_flap,https://upload.wikimedia.org/wikipedia/commons/transcoded/c/c9/Voiced_alveolar_lateral_flap.wav/Voiced_alveolar_lateral_flap.wav.mp3,ɺ
𝼈,Voiced retroflex lateral flap,pulmonic,Coronal,Lateral tap/flap,Retroflex,voiced,https://en.wikipedia.org/wiki/Voiced_retroflex_lateral_flap,https://upload.wikimedia.org/wikipedia/commons/transcoded/3/38/Voiced_retroflex_lateral_flap_%28correct%29.wav/Voiced_retroflex_lateral_flap_%28correct%29.wav.mp3,𝼈
ɓ,Voiced bilabial implosive,non-pulmonic,Implosive,Voiced,,,https://en.wikipedia.org/wiki/Voiced_bilabial_implosive,https://upload.wikimedia.org/wikipedia/commons/transcoded/3/31/Voiced_bilabial_implosive.ogg/Voiced_bilabial_implosive.ogg.mp3,ɓ
ɗ,Voiced alveolar implosive,non-pulmonic,Implosive,Voiced,,,https://en.wikipedia.org/wiki/Voiced_alveolar_implosive,https://upload.wikimedia.org/wikipedia/commons/transcoded/c/c3/Voiced_alveolar_implosive.ogg/Voiced_alveolar_implosive.ogg.mp3,ɗ
ᶑ,Voiced retroflex implosive,non-pulmonic,Implosive,Voiced,,,https://en.wikipedia.org/wiki/Voiced_retroflex_implosive,https://upload.wikimedia.org/wikipedia/commons/transcoded/c/c8/Voiced-retroflex-implosive.ogg/Voiced-retroflex-implosive.ogg.mp3,ᶑ
ʄ,Voiced palatal implosive,non-pulmonic,Implosive,Voiced,,,https://en.wikipedia.org/wiki/Voiced_palatal_implosive,https://upload.wikimedia.org/wikipedia/commons/transcoded/2/2c/Voiced_palatal_implosive.ogg/Voiced_palatal_implosive.ogg.mp3,ʄ
ɠ,Voiced velar implosive,non-pulmonic,Implosive,Voiced,,,https://en.wikipedia.org/wiki/Voiced_velar_implosive,https://upload.wikimedia.org/wikipedia/commons/transcoded/a/a8/Voiced_velar_implosive.ogg/Voiced_velar_implosive.ogg.mp3,ɠ
ʛ,Voiced uvular implosive,non-pulmonic,Implosive,Voiced,,,https://en.wikipedia.org/wiki/Voiced_uvular_implosive,https://upload.wikimedia.org/wikipedia/commons/transcoded/0/00/Voiced_uvular_implosive.ogg/Voiced_uvular_implosive.ogg.mp3,ʛ
ʍ,Voiceless labial–velar fricative,co-articulated,,Fricative/approximant,,,https://en.wikipedia.org/wiki/Voiceless_labial–velar_fricative,https://upload.wikimedia.org/wikipedia/commons/transcoded/a/a7/Voiceless_labio-velar_fricative.ogg/Voiceless_labio-velar_fricative.ogg.mp3,ʍ
w,Voiced labial–velar approximant,co-articulated,,Fricative/approximant,,,https://en.wikipedia.org/wiki/Voiced_labial–velar_approximant,https://upload.wikimedia.org/wikipedia/commons/transcoded/f/f2/Voiced_labio-velar_approximant.ogg/Voiced_labio-velar_approximant.ogg.mp3,w
ɥ,Voiced labial–palatal approximant,co-articulated,,Fricative/approximant,,,https://en.wikipedia.org/wiki/Voiced_labial–palatal_approximant,https://upload.wikimedia.org/wikipedia/commons/transcoded/3/32/LL-Q150_%28fra%29-WikiLucas00-IPA_%C9%A5.wav/LL-Q150_%28fra%29-WikiLucas00-IPA_%C9%A5.wav.mp3,ɥ
ɧ,Sj-sound,co-articulated,,Fricative/approximant,,,https://en.wikipedia.org/wiki/Sj-sound,https://upload.wikimedia.org/wikipedia/commons/transcoded/4/42/Voiceless_dorso-palatal_velar_fricative.ogg/Voiceless_dorso-palatal_velar_fricative.ogg.mp3,ɧ
ɫ,Velarized alveolar lateral approximant,co-articulated,,Fricative/approximant,,,https://en.wikipedia.org/wiki/Velarized_alveolar_lateral_approximant,https://upload.wikimedia.org/wikipedia/commons/transcoded/d/d3/Velarized_alveolar_lateral_approximant.ogg/Velarized_alveolar_lateral_approximant.ogg.mp3,ɫ
ʘ,Tenuis bilabial click,non-pulmonic,Click,,,,https://en.wikipedia.org/wiki/Tenuis_bilabial_click,https://upload.wikimedia.org/wikipedia/commons/transcoded/2/2b/Clic_bilabial_sourd.ogg/Clic_bilabial_sourd.ogg.mp3,kʘ
ǀ,Tenuis dental click,non-pulmonic,Click,,,,https://en.wikipedia.org/wiki/Tenuis_dental_click,https://upload.wikimedia.org/wikipedia/commons/transcoded/1/1f/Dental_click.ogg/Dental_click.ogg.mp3,kǀ
ǃ,Tenuis alveolar click,non-pulmonic,Click,,,,https://en.wikipedia.org/wiki/Tenuis_alveolar_click,https://upload.wikimedia.org/wikipedia/commons/transcoded/3/3c/Postalveolar_click.ogg/Postalveolar_click.ogg.mp3,kǃ
ǁ,Tenuis alveolar lateral click,non-pulmonic,Click,,,,https://en.wikipedia.org/wiki/Tenuis_alveolar_lateral_click,https://upload.wikimedia.org/wikipedia/commons/transcoded/f/f4/Alveolar_lateral_click.ogg/Alveolar_lateral_click.ogg.mp3,kǁ
𝼊,Tenuis retroflex click,non-pulmonic,Click,,,,https://en.wikipedia.org/wiki/Tenuis_retroflex_click,https://upload.wikimedia.org/wikipedia/commons/transcoded/5/5a/Retrflx_click.wav/Retrflx_click.wav.mp3,k𝼊
ǂ,Tenuis palatal click,non-pulmonic,Click,,,,https://en.wikipedia.org/wiki/Tenuis_palatal_click,https://upload.wikimedia.org/wikipedia/commons/transcoded/8/89/Palatoalveolar_click.ogg/Palatoalveolar_click.ogg.mp3,kǂ
